MPEG-7 Color Layout0,MPEG-7 Color Layout1,MPEG-7 Color Layout2,MPEG-7 Color Layout3,MPEG-7 Color Layout4,MPEG-7 Color Layout5,MPEG-7 Color Layout6,MPEG-7 Color Layout7,MPEG-7 Color Layout8,MPEG-7 Color Layout9,MPEG-7 Color Layout10,MPEG-7 Color Layout11,MPEG-7 Color Layout12,MPEG-7 Color Layout13,MPEG-7 Color Layout14,MPEG-7 Color Layout15,MPEG-7 Color Layout16,MPEG-7 Color Layout17,MPEG-7 Color Layout18,MPEG-7 Color Layout19,MPEG-7 Color Layout20,MPEG-7 Color Layout21,MPEG-7 Color Layout22,MPEG-7 Color Layout23,MPEG-7 Color Layout24,MPEG-7 Color Layout25,MPEG-7 Color Layout26,MPEG-7 Color Layout27,MPEG-7 Color Layout28,MPEG-7 Color Layout29,MPEG-7 Color Layout30,MPEG-7 Color Layout31,MPEG-7 Color Layout32,class
52,15,16,27,18,17,13,16,17,16,9,10,13,16,16,16,16,17,15,14,15,19,15,16,24,17,16,37,16,15,16,16,16,BACTERIAL_LEAF_BLIGHT
51,13,18,27,17,20,14,14,18,12,9,12,12,15,16,15,16,18,18,15,16,19,14,17,24,17,18,37,16,15,16,15,16,BACTERIAL_LEAF_BLIGHT
52,18,18,28,14,15,16,15,14,11,8,18,15,15,16,16,15,16,16,13,16,15,18,16,27,15,15,36,16,16,16,15,15,BACTERIAL_LEAF_BLIGHT
47,21,22,29,17,15,16,15,14,8,12,11,15,16,16,16,15,15,16,13,17,14,18,17,26,17,16,35,16,16,16,15,15,BACTERIAL_LEAF_BLIGHT
50,17,19,28,17,15,16,16,14,14,16,14,17,16,15,16,16,16,15,15,11,14,17,15,28,16,16,36,16,15,14,15,15,BACTERIAL_LEAF_BLIGHT
53,21,18,27,17,16,16,15,11,11,13,13,14,16,15,16,15,14,16,16,18,15,19,16,26,18,16,37,16,15,14,15,16,BACTERIAL_LEAF_BLIGHT
48,19,25,26,16,17,16,15,15,10,18,12,16,15,16,15,15,16,14,14,10,12,19,20,27,17,17,38,16,16,14,15,15,BACTERIAL_LEAF_BLIGHT
52,18,21,28,17,15,16,15,12,7,10,13,14,15,16,16,15,15,16,19,18,16,17,18,26,16,17,37,16,16,15,16,16,BACTERIAL_LEAF_BLIGHT
52,18,22,27,17,16,16,15,10,7,12,14,14,15,16,16,15,15,17,20,19,18,17,18,24,16,17,37,17,16,15,16,16,BACTERIAL_LEAF_BLIGHT
49,18,21,28,17,16,16,16,14,7,13,14,15,16,16,16,16,15,15,15,18,15,17,17,26,17,15,36,16,16,17,15,16,BACTERIAL_LEAF_BLIGHT
49,14,27,25,16,15,16,15,16,6,18,17,16,15,16,15,15,15,15,15,13,15,15,22,25,15,15,35,15,17,16,16,15,BACTERIAL_LEAF_BLIGHT
51,21,24,26,17,15,16,15,12,8,19,11,15,16,16,15,15,14,16,15,12,14,20,19,27,18,16,36,16,15,15,15,16,BACTERIAL_LEAF_BLIGHT
51,18,15,29,12,15,16,16,15,17,11,20,16,15,16,16,15,15,15,14,14,14,18,15,27,13,15,35,15,15,16,16,15,BACTERIAL_LEAF_BLIGHT
53,19,18,27,18,16,16,15,13,12,12,12,15,17,15,15,15,15,16,14,17,17,20,15,26,17,16,36,16,15,14,15,15,BACTERIAL_LEAF_BLIGHT
52,19,17,28,13,15,16,15,14,13,9,20,16,15,15,16,16,15,16,14,16,16,17,16,26,14,15,36,16,16,16,16,15,BACTERIAL_LEAF_BLIGHT
51,18,18,28,16,15,16,15,15,11,9,15,16,16,16,16,15,16,17,14,18,16,17,16,26,16,15,37,16,16,17,16,15,BACTERIAL_LEAF_BLIGHT
54,20,22,25,14,15,16,15,11,7,16,17,16,16,16,15,15,15,16,17,19,20,19,19,24,15,16,37,16,15,14,15,15,BACTERIAL_LEAF_BLIGHT
49,15,26,26,18,14,16,15,15,8,12,18,15,16,15,16,15,16,15,16,11,11,14,24,28,16,15,35,16,16,15,16,16,BACTERIAL_LEAF_BLIGHT
51,14,21,28,13,15,15,16,19,7,12,19,15,15,16,16,16,16,16,13,19,17,15,17,25,15,15,36,16,15,16,15,15,BACTERIAL_LEAF_BLIGHT
50,14,17,28,20,15,15,15,15,15,15,12,15,16,16,15,16,16,17,17,15,12,16,14,28,19,15,37,15,16,14,15,15,BACTERIAL_LEAF_BLIGHT
49,20,19,29,20,16,16,15,12,11,15,10,14,16,15,16,15,15,15,15,16,16,18,16,25,18,15,34,16,15,17,16,16,BACTERIAL_LEAF_BLIGHT
46,17,21,29,16,15,16,16,15,12,16,15,16,16,16,16,15,15,15,15,11,12,16,18,27,16,15,36,15,15,17,16,15,BACTERIAL_LEAF_BLIGHT
49,18,22,28,15,16,16,15,14,10,16,15,15,15,16,15,16,16,16,14,12,11,17,18,28,15,17,36,17,16,15,15,16,BACTERIAL_LEAF_BLIGHT
51,18,18,28,13,15,16,15,15,14,12,18,15,15,16,16,16,16,17,14,14,13,17,15,28,13,15,38,16,16,15,16,15,BACTERIAL_LEAF_BLIGHT
49,18,22,29,15,15,16,15,16,7,12,15,16,16,16,15,16,15,16,14,16,14,17,19,26,15,15,35,15,16,17,15,15,BACTERIAL_LEAF_BLIGHT
45,17,24,29,17,16,15,16,15,11,18,13,15,16,16,16,16,16,15,15,10,12,17,19,27,16,16,34,16,16,17,16,16,BACTERIAL_LEAF_BLIGHT
52,14,22,27,16,15,15,16,17,6,13,17,14,16,15,15,16,15,15,14,20,17,14,18,25,16,16,36,15,16,16,15,16,BACTERIAL_LEAF_BLIGHT
55,19,18,25,15,16,17,15,13,9,11,18,15,15,15,16,16,14,16,15,20,19,17,17,24,15,17,38,16,15,15,16,16,BACTERIAL_LEAF_BLIGHT
52,18,21,28,15,15,15,16,15,7,12,16,16,16,16,16,15,16,15,15,17,13,17,19,28,16,15,37,16,15,15,15,15,BACTERIAL_LEAF_BLIGHT
50,17,25,27,15,14,16,16,15,6,16,15,16,16,16,15,15,15,16,15,11,13,16,22,26,15,15,37,16,15,14,15,15,BACTERIAL_LEAF_BLIGHT
52,20,20,28,13,15,16,16,13,8,9,18,15,15,15,16,16,15,16,14,18,18,17,18,24,15,15,36,16,15,17,15,16,BACTERIAL_LEAF_BLIGHT
48,12,22,28,18,15,15,14,15,9,12,14,16,16,16,16,15,16,18,20,13,15,12,18,26,17,15,36,15,16,16,16,15,BACTERIAL_LEAF_BLIGHT
50,17,21,28,15,16,15,15,16,9,15,15,16,15,15,15,15,16,16,14,16,13,17,18,27,15,16,36,16,15,16,16,16,BACTERIAL_LEAF_BLIGHT
51,19,19,27,10,15,16,16,15,13,13,21,14,15,16,16,15,15,17,14,14,12,17,17,27,11,15,40,16,16,12,16,16,BACTERIAL_LEAF_BLIGHT
50,21,16,28,13,16,16,17,12,18,14,19,14,16,15,15,16,15,16,12,13,14,19,15,26,13,16,38,17,16,15,16,16,BACTERIAL_LEAF_BLIGHT
53,20,16,28,14,15,16,16,13,16,10,17,15,15,15,16,16,15,15,13,14,15,18,15,25,15,15,37,16,15,15,16,15,BACTERIAL_LEAF_BLIGHT
57,21,15,28,15,15,16,16,10,18,6,17,16,16,16,16,15,15,15,18,13,25,16,15,24,15,16,32,15,16,15,15,15,BACTERIAL_LEAF_BLIGHT
58,19,15,26,15,16,15,16,11,16,7,18,15,15,16,16,15,16,15,19,15,28,17,16,20,15,16,31,16,16,16,16,16,BACTERIAL_LEAF_BLIGHT
55,24,19,27,21,15,15,14,8,13,17,10,13,17,16,16,15,15,17,15,15,20,20,18,24,19,15,29,18,14,18,17,16,BACTERIAL_LEAF_BLIGHT
53,18,23,25,16,15,16,15,12,6,17,15,15,15,15,15,15,16,16,18,20,17,17,19,25,16,16,37,16,15,15,15,16,BACTERIAL_LEAF_BLIGHT
52,16,15,27,18,17,18,15,14,16,9,10,13,16,17,15,15,14,16,17,16,19,16,16,24,17,16,37,15,16,16,16,16,BACTERIAL_LEAF_BLIGHT
51,18,13,27,17,20,17,17,14,20,9,12,12,15,16,16,15,13,13,16,15,19,17,14,24,17,18,37,15,16,16,15,16,BACTERIAL_LEAF_BLIGHT
52,18,18,28,14,15,16,15,14,11,8,18,15,15,16,16,15,16,16,13,16,15,18,16,27,15,15,36,16,16,16,15,15,BACTERIAL_LEAF_BLIGHT
47,11,9,29,17,15,15,16,17,24,12,11,15,16,15,15,16,16,15,18,15,14,13,14,27,17,16,35,15,15,16,15,15,BACTERIAL_LEAF_BLIGHT
50,14,12,28,17,14,15,15,17,17,16,14,17,16,15,15,16,15,16,16,20,14,14,16,28,16,16,36,15,16,14,15,15,BACTERIAL_LEAF_BLIGHT
53,10,13,27,17,16,15,16,20,21,13,13,14,16,15,15,16,16,15,15,13,16,12,15,26,18,16,37,15,16,14,15,16,BACTERIAL_LEAF_BLIGHT
48,12,6,26,16,17,15,17,16,21,18,12,16,15,16,16,16,16,17,17,21,12,12,11,27,17,17,38,15,15,14,15,15,BACTERIAL_LEAF_BLIGHT
52,13,10,28,16,15,15,16,20,24,10,13,15,15,16,15,16,16,15,12,13,16,14,13,26,16,17,37,15,15,15,16,16,BACTERIAL_LEAF_BLIGHT
52,13,9,27,17,16,15,16,21,25,12,14,15,15,16,16,16,16,14,11,12,18,14,13,24,16,17,37,15,16,15,16,16,BACTERIAL_LEAF_BLIGHT
49,13,10,28,17,16,15,15,17,24,13,14,15,16,16,16,16,16,16,16,13,15,14,14,26,16,15,36,15,15,17,15,16,BACTERIAL_LEAF_BLIGHT
49,17,4,25,16,15,15,16,15,25,18,17,16,16,16,16,16,16,16,17,18,15,16,9,25,15,15,35,16,15,16,16,15,BACTERIAL_LEAF_BLIGHT
51,10,7,26,17,15,15,16,19,23,20,12,15,16,16,16,16,17,15,16,20,14,11,12,26,18,15,36,16,16,15,16,16,BACTERIAL_LEAF_BLIGHT
51,13,15,29,12,15,15,15,16,15,11,20,16,15,16,16,16,16,16,17,17,14,13,16,27,13,15,35,16,16,16,15,15,BACTERIAL_LEAF_BLIGHT
53,12,13,27,18,16,15,16,18,19,12,12,15,17,15,16,16,16,15,17,14,17,11,16,26,17,16,36,15,16,14,15,15,BACTERIAL_LEAF_BLIGHT
52,12,14,28,13,15,15,16,17,18,9,20,16,15,15,15,16,16,15,17,15,16,14,15,26,14,15,36,16,15,16,15,15,BACTERIAL_LEAF_BLIGHT
51,13,13,28,16,15,15,16,16,21,9,15,16,15,16,16,16,15,14,17,13,16,14,15,26,16,15,37,16,16,17,16,15,BACTERIAL_LEAF_BLIGHT
54,11,9,25,14,15,16,16,20,25,16,17,16,16,15,16,16,16,15,14,12,20,12,12,24,15,16,37,15,16,14,15,15,BACTERIAL_LEAF_BLIGHT
49,16,5,26,18,14,15,17,16,23,12,18,15,16,15,15,16,15,16,15,20,11,17,7,27,16,15,35,15,16,15,16,16,BACTERIAL_LEAF_BLIGHT
51,17,10,28,13,15,16,15,12,24,12,19,15,15,16,15,16,15,15,18,12,17,16,14,25,15,15,36,15,16,16,15,15,BACTERIAL_LEAF_BLIGHT
50,17,14,28,20,15,16,16,16,17,15,12,15,16,16,16,15,15,14,14,17,12,15,17,28,19,15,37,16,15,14,15,15,BACTERIAL_LEAF_BLIGHT
49,11,12,28,20,16,15,16,19,20,15,10,14,16,15,15,16,16,16,16,16,16,13,15,25,18,15,34,15,16,17,16,16,BACTERIAL_LEAF_BLIGHT
46,14,10,29,16,15,15,15,16,19,16,15,16,16,16,16,16,16,16,16,20,12,15,13,27,16,15,36,16,16,17,16,15,BACTERIAL_LEAF_BLIGHT
49,13,9,28,15,16,15,16,17,21,16,15,16,15,16,16,15,15,15,17,19,11,14,13,28,15,17,36,14,15,15,15,16,BACTERIAL_LEAF_BLIGHT
51,13,13,28,13,15,16,16,16,18,12,18,15,15,16,15,15,15,15,17,17,13,14,16,28,13,15,38,15,15,15,16,15,BACTERIAL_LEAF_BLIGHT
49,13,9,29,15,15,15,16,15,24,12,15,16,16,16,16,16,16,15,17,15,14,14,12,26,15,15,35,16,15,17,15,15,BACTERIAL_LEAF_BLIGHT
45,14,7,28,17,16,16,16,16,20,18,13,15,16,16,15,15,15,16,16,22,12,14,12,27,16,16,34,15,15,17,16,16,BACTERIAL_LEAF_BLIGHT
52,17,9,27,16,15,16,15,14,25,14,17,14,16,15,16,15,16,16,17,11,17,17,13,25,16,16,36,16,15,16,15,16,BACTERIAL_LEAF_BLIGHT
55,12,13,25,15,16,15,16,18,22,11,18,15,15,15,15,15,16,15,16,11,19,14,14,24,15,17,38,15,16,15,16,16,BACTERIAL_LEAF_BLIGHT
52,13,10,28,15,15,16,15,16,24,12,16,16,16,16,15,16,15,16,16,14,13,14,12,28,16,15,37,15,16,15,15,15,BACTERIAL_LEAF_BLIGHT
50,15,6,27,15,14,15,15,16,25,16,15,16,16,16,16,16,16,16,16,20,13,15,9,26,15,15,37,16,16,14,16,15,BACTERIAL_LEAF_BLIGHT
52,11,10,28,13,15,15,15,18,24,9,18,15,15,15,15,15,16,15,17,13,18,14,13,24,15,15,36,15,16,17,15,16,BACTERIAL_LEAF_BLIGHT
48,19,9,28,18,15,16,17,16,22,12,15,16,15,16,15,16,15,14,11,18,15,19,13,26,17,15,36,16,15,16,16,15,BACTERIAL_LEAF_BLIGHT
50,14,10,28,15,16,16,16,16,22,15,15,16,15,15,16,16,15,15,17,15,13,14,13,27,15,16,36,16,16,16,16,16,BACTERIAL_LEAF_BLIGHT
51,12,12,27,10,15,15,15,16,18,13,21,14,15,16,15,16,16,15,17,17,12,14,13,27,11,15,40,15,16,12,16,16,BACTERIAL_LEAF_BLIGHT
50,10,15,28,13,16,15,14,19,13,14,19,14,16,15,16,15,16,15,19,18,14,12,16,26,13,16,38,14,15,15,16,16,BACTERIAL_LEAF_BLIGHT
53,11,15,28,14,15,15,15,18,15,10,17,15,15,15,16,15,16,17,18,17,15,13,16,25,15,15,37,15,16,15,16,15,BACTERIAL_LEAF_BLIGHT
57,10,16,28,15,15,15,15,21,14,6,17,16,16,16,15,16,16,16,13,17,25,15,16,24,15,16,32,16,16,15,15,15,BACTERIAL_LEAF_BLIGHT
58,12,16,26,15,16,16,15,20,15,7,18,15,15,16,16,16,15,16,13,16,28,15,16,20,15,16,31,15,16,16,16,16,BACTERIAL_LEAF_BLIGHT
55,7,12,27,21,15,16,17,23,18,17,11,13,17,16,15,16,16,14,16,16,20,12,13,24,19,15,29,13,17,18,16,15,BACTERIAL_LEAF_BLIGHT
53,13,8,25,16,15,15,16,19,26,17,15,15,15,15,16,16,16,15,13,12,17,14,12,25,16,16,37,16,16,15,15,16,BACTERIAL_LEAF_BLIGHT
53,18,8,25,15,15,16,16,12,26,17,16,15,16,15,15,16,16,15,18,12,17,17,12,25,15,16,37,16,16,15,16,16,BACTERIAL_LEAF_BLIGHT
55,24,12,27,10,15,15,17,8,18,17,21,13,14,16,16,16,15,14,15,16,20,20,13,24,12,15,29,18,17,18,15,15,BACTERIAL_LEAF_BLIGHT
58,19,16,26,16,16,15,15,11,15,7,13,15,16,16,15,16,16,16,18,16,28,16,16,20,16,16,31,16,16,16,15,16,BACTERIAL_LEAF_BLIGHT
57,21,16,28,16,15,16,15,10,14,6,14,16,15,16,16,16,15,16,18,17,25,16,16,24,16,16,32,15,16,15,16,15,BACTERIAL_LEAF_BLIGHT
53,20,15,28,17,15,16,15,13,15,10,14,15,16,15,16,15,15,17,13,17,15,18,16,25,16,15,37,16,16,15,16,15,BACTERIAL_LEAF_BLIGHT
50,21,15,28,18,16,16,14,13,13,14,12,14,15,15,15,15,15,15,13,18,14,19,16,26,18,16,38,17,15,15,15,16,BACTERIAL_LEAF_BLIGHT
51,19,12,27,21,15,16,15,15,18,13,10,14,16,16,16,16,15,15,14,17,12,17,14,27,20,15,40,16,16,12,15,16,BACTERIAL_LEAF_BLIGHT
50,17,10,28,16,16,15,16,16,22,15,16,16,16,15,15,16,16,15,14,15,13,17,13,27,16,15,36,15,16,16,15,16,BACTERIAL_LEAF_BLIGHT
48,12,9,28,13,15,15,17,15,22,12,17,16,16,16,16,16,16,13,20,18,15,12,13,26,14,15,36,15,15,16,15,16,BACTERIAL_LEAF_BLIGHT
52,20,11,28,18,15,16,15,13,24,9,13,15,16,15,16,15,15,15,14,13,18,17,13,24,16,15,36,16,16,17,16,16,BACTERIAL_LEAF_BLIGHT
50,16,6,27,16,14,16,15,15,25,16,16,16,15,16,15,16,15,15,15,20,13,16,9,26,16,15,37,16,16,14,16,15,BACTERIAL_LEAF_BLIGHT
52,18,10,28,16,15,15,15,15,24,12,16,16,15,16,16,16,16,16,15,14,13,17,12,28,15,15,37,16,16,15,16,15,BACTERIAL_LEAF_BLIGHT
55,19,13,25,16,16,17,16,13,22,11,13,15,16,15,16,15,15,15,15,11,19,17,14,24,16,16,38,16,16,15,16,16,BACTERIAL_LEAF_BLIGHT
52,14,9,27,15,15,15,15,17,25,13,14,14,15,15,15,15,15,16,14,11,17,14,13,25,16,16,37,15,15,16,16,16,BACTERIAL_LEAF_BLIGHT
45,17,7,28,14,16,15,16,15,20,18,18,15,15,16,16,15,16,16,15,22,12,17,12,27,15,16,34,16,15,17,15,16,BACTERIAL_LEAF_BLIGHT
49,18,9,29,16,15,16,16,16,24,12,16,16,15,16,15,16,15,15,14,15,14,17,12,26,16,15,35,15,15,17,16,15,BACTERIAL_LEAF_BLIGHT
51,18,13,28,18,15,16,16,15,18,12,13,15,16,16,16,15,16,15,14,17,13,17,16,28,18,15,38,16,15,15,15,15,BACTERIAL_LEAF_BLIGHT
49,18,9,28,17,16,16,16,14,21,16,16,16,16,16,15,15,16,15,14,19,11,17,13,28,16,17,36,17,16,15,16,16,BACTERIAL_LEAF_BLIGHT
46,17,10,29,15,15,16,15,15,19,16,16,16,16,16,15,16,15,16,15,20,12,16,13,27,15,15,36,15,17,17,15,15,BACTERIAL_LEAF_BLIGHT
49,20,12,29,11,16,16,16,12,20,15,21,14,15,15,16,16,15,16,15,16,16,18,15,25,13,15,34,16,16,17,16,16,BACTERIAL_LEAF_BLIGHT
50,14,14,28,11,15,15,16,15,16,15,19,15,15,16,16,15,16,14,17,17,12,16,17,28,13,15,37,15,15,14,16,15,BACTERIAL_LEAF_BLIGHT
51,14,10,28,18,15,15,15,19,24,12,12,15,16,16,16,16,16,15,13,12,17,15,14,25,17,15,36,16,16,16,16,15,BACTERIAL_LEAF_BLIGHT
49,15,5,26,13,14,16,17,15,23,12,13,15,15,15,16,16,16,16,16,20,11,14,7,28,15,15,35,16,16,14,16,16,BACTERIAL_LEAF_BLIGHT
54,20,9,25,17,15,16,16,11,25,16,14,16,16,15,15,16,15,15,17,12,20,19,12,24,16,16,36,16,16,14,16,15,BACTERIAL_LEAF_BLIGHT
51,18,13,28,15,14,16,16,15,21,9,16,16,16,16,16,15,16,14,14,13,16,17,15,26,16,15,37,16,15,17,15,15,BACTERIAL_LEAF_BLIGHT
52,19,14,28,18,15,16,16,14,18,9,11,16,16,15,16,15,15,15,14,15,16,17,15,26,17,15,36,16,16,16,16,15,BACTERIAL_LEAF_BLIGHT
53,19,13,27,13,16,16,16,13,19,12,19,15,14,15,15,16,15,15,14,14,17,20,16,26,14,16,36,16,16,14,16,15,BACTERIAL_LEAF_BLIGHT
51,18,15,29,19,15,16,15,15,14,11,11,16,16,16,16,16,15,16,14,17,14,18,16,27,18,15,35,15,16,16,16,15,BACTERIAL_LEAF_BLIGHT
51,21,7,26,14,15,16,16,12,23,20,20,15,15,16,15,16,14,15,15,20,14,20,12,26,13,15,36,16,16,15,16,16,BACTERIAL_LEAF_BLIGHT
49,14,4,25,15,15,16,16,16,25,18,15,16,16,16,15,16,15,16,15,18,15,15,9,25,16,15,35,15,15,16,15,15,BACTERIAL_LEAF_BLIGHT
49,18,10,28,15,16,16,15,14,24,13,17,15,15,16,15,16,15,16,15,13,15,17,14,26,15,15,36,16,15,17,16,16,BACTERIAL_LEAF_BLIGHT
52,18,9,27,14,16,16,16,10,25,12,17,15,16,16,16,16,15,14,20,12,18,17,13,24,15,17,37,17,16,15,15,16,BACTERIAL_LEAF_BLIGHT
52,18,10,28,15,15,16,16,12,24,10,18,14,16,16,16,16,15,15,19,13,16,17,13,26,15,17,37,17,16,15,15,16,BACTERIAL_LEAF_BLIGHT
48,19,6,26,15,17,16,17,15,21,18,19,16,16,16,15,16,16,17,14,21,12,19,11,27,14,17,38,16,16,14,16,15,BACTERIAL_LEAF_BLIGHT
53,21,13,27,14,16,16,16,11,21,13,18,14,15,15,16,16,15,15,16,13,15,19,15,26,13,16,37,16,16,14,16,16,BACTERIAL_LEAF_BLIGHT
50,17,12,28,14,15,16,15,14,17,16,18,17,15,15,16,16,16,16,15,20,14,17,16,28,15,16,36,16,16,14,16,15,BACTERIAL_LEAF_BLIGHT
47,20,9,29,14,15,16,16,14,24,12,20,15,15,15,16,16,15,15,13,15,14,18,14,27,15,16,35,16,15,16,16,15,BACTERIAL_LEAF_BLIGHT
51,13,18,28,17,15,15,15,17,11,8,13,15,16,16,15,15,15,16,18,16,15,13,16,27,17,15,36,15,16,16,16,15,BACTERIAL_LEAF_BLIGHT
51,13,13,27,14,20,14,17,18,19,9,19,12,16,16,15,15,18,13,15,15,19,14,14,24,15,18,37,16,16,16,16,16,BACTERIAL_LEAF_BLIGHT
51,15,16,27,13,17,13,15,17,15,9,22,13,15,16,16,15,17,16,14,16,20,15,16,24,14,16,37,16,16,16,16,16,BACTERIAL_LEAF_BLIGHT
53,13,23,25,15,15,15,15,19,6,17,16,15,16,15,16,15,16,16,13,20,17,14,19,25,15,16,37,15,15,15,16,16,BACTERIAL_LEAF_BLIGHT
55,7,19,27,10,15,16,14,23,13,17,21,13,14,16,15,15,16,17,16,15,20,11,18,24,12,15,29,13,14,18,15,16,BACTERIAL_LEAF_BLIGHT
58,12,15,26,16,16,16,16,20,16,7,13,15,16,16,16,15,15,15,13,15,28,15,16,20,16,16,31,15,16,16,15,16,BACTERIAL_LEAF_BLIGHT
57,10,15,28,16,15,15,16,21,18,6,14,16,15,16,15,15,16,15,13,14,25,15,15,24,16,16,32,16,16,15,16,15,BACTERIAL_LEAF_BLIGHT
53,11,16,28,17,15,15,16,18,16,10,14,15,16,15,15,16,16,15,18,14,15,13,15,25,16,15,37,15,15,15,15,15,BACTERIAL_LEAF_BLIGHT
50,10,16,28,18,16,15,17,19,18,14,12,14,15,15,16,16,16,16,19,13,14,12,15,26,18,16,38,14,16,15,15,16,BACTERIAL_LEAF_BLIGHT
51,12,19,27,21,15,15,16,16,13,13,10,14,16,16,15,15,16,17,17,14,12,14,17,27,20,15,40,15,16,12,15,16,BACTERIAL_LEAF_BLIGHT
50,14,21,28,16,16,16,15,16,9,15,16,16,16,15,16,15,15,16,17,16,13,14,19,27,16,15,36,16,15,16,15,16,BACTERIAL_LEAF_BLIGHT
48,19,22,28,13,15,16,14,16,9,12,17,16,16,16,15,15,15,18,11,13,15,19,18,26,14,15,36,16,16,16,15,15,BACTERIAL_LEAF_BLIGHT
52,11,20,28,18,15,15,16,18,8,9,13,15,16,15,15,16,16,16,17,18,18,14,18,24,16,15,36,15,15,17,16,16,BACTERIAL_LEAF_BLIGHT
50,15,25,27,16,14,15,16,16,6,16,16,16,15,16,16,15,16,16,16,11,13,15,22,26,16,15,37,15,15,14,16,15,BACTERIAL_LEAF_BLIGHT
52,13,21,28,16,15,16,16,16,7,12,16,16,16,16,15,15,15,15,16,17,13,14,19,28,15,15,37,15,15,15,16,15,BACTERIAL_LEAF_BLIGHT
55,12,18,25,16,16,14,15,18,9,11,13,15,16,15,15,16,17,16,16,20,19,14,17,24,16,16,38,15,16,15,16,16,BACTERIAL_LEAF_BLIGHT
52,17,22,27,15,15,16,16,14,6,13,14,14,15,15,16,16,16,15,17,20,17,17,18,25,16,16,36,16,16,16,16,16,BACTERIAL_LEAF_BLIGHT
45,14,24,29,14,16,16,16,16,11,18,18,15,15,16,15,16,15,15,16,9,12,14,19,27,15,16,34,15,16,17,15,16,BACTERIAL_LEAF_BLIGHT
49,13,22,29,16,15,15,15,15,7,12,16,16,15,16,16,16,16,16,17,16,14,14,19,26,16,15,35,16,16,17,16,15,BACTERIAL_LEAF_BLIGHT
51,13,18,28,18,15,16,15,16,14,12,13,15,16,16,15,16,15,17,17,14,13,14,15,28,18,15,38,15,16,15,15,15,BACTERIAL_LEAF_BLIGHT
49,13,22,28,16,16,15,15,17,10,16,16,16,16,16,16,16,15,16,17,12,11,14,18,28,16,17,36,14,16,15,16,16,BACTERIAL_LEAF_BLIGHT
46,14,21,29,15,15,15,16,16,12,16,16,16,16,16,16,15,16,15,17,11,12,15,18,27,15,15,36,16,15,17,15,15,BACTERIAL_LEAF_BLIGHT
49,11,19,29,11,16,15,15,19,11,15,21,14,15,15,15,15,16,15,16,16,16,13,16,25,13,15,34,15,15,17,16,16,BACTERIAL_LEAF_BLIGHT
50,17,17,28,11,15,16,15,16,15,15,19,15,15,16,16,16,15,17,14,15,12,15,14,28,13,15,37,16,16,14,16,15,BACTERIAL_LEAF_BLIGHT
51,17,21,28,18,15,16,16,12,7,12,12,15,16,16,15,15,15,16,18,19,17,16,17,25,17,15,36,15,15,16,16,15,BACTERIAL_LEAF_BLIGHT
49,16,26,26,13,14,15,15,16,8,12,13,15,15,15,15,15,15,15,15,11,12,18,24,28,15,15,35,15,16,14,16,16,BACTERIAL_LEAF_BLIGHT
54,11,22,25,17,15,15,15,20,6,16,14,16,16,16,16,15,16,16,14,19,20,12,19,24,16,16,36,15,15,14,16,15,BACTERIAL_LEAF_BLIGHT
51,13,18,28,15,15,15,15,16,11,9,16,16,16,16,15,16,15,17,17,18,16,14,16,26,16,15,37,16,16,17,15,15,BACTERIAL_LEAF_BLIGHT
52,12,17,28,18,15,15,15,17,13,9,11,16,16,15,15,16,16,16,17,16,16,14,16,26,18,15,36,16,16,16,16,15,BACTERIAL_LEAF_BLIGHT
53,12,18,27,13,16,15,15,18,12,12,19,15,14,15,16,15,16,16,17,17,17,11,15,26,14,16,36,15,15,14,16,15,BACTERIAL_LEAF_BLIGHT
51,13,15,29,19,15,15,16,16,17,11,11,16,16,16,15,15,16,15,17,14,14,13,15,27,18,15,35,16,15,16,16,15,BACTERIAL_LEAF_BLIGHT
51,10,24,26,14,15,15,15,19,8,20,20,15,15,16,16,15,17,16,16,12,14,11,19,26,13,16,36,16,15,15,16,16,BACTERIAL_LEAF_BLIGHT
49,17,27,25,15,15,15,15,15,6,18,15,16,16,16,16,15,16,15,17,13,15,16,22,25,16,15,35,16,16,16,15,15,BACTERIAL_LEAF_BLIGHT
49,13,21,28,15,16,15,16,17,7,13,17,15,15,16,16,15,16,15,16,18,15,14,17,26,15,15,36,15,16,17,16,16,BACTERIAL_LEAF_BLIGHT
52,13,22,27,14,16,15,15,21,7,12,17,14,16,16,15,15,16,17,11,19,18,14,18,24,15,17,37,15,16,15,15,16,BACTERIAL_LEAF_BLIGHT
52,13,21,28,15,15,15,15,20,7,10,18,14,16,16,15,15,16,16,12,18,16,14,18,26,15,17,37,15,16,15,15,16,BACTERIAL_LEAF_BLIGHT
48,12,25,26,15,17,15,15,16,10,18,19,16,16,16,16,15,15,14,17,10,12,13,20,27,14,17,38,15,15,14,16,15,BACTERIAL_LEAF_BLIGHT
53,10,18,27,14,16,15,15,20,11,13,18,14,15,15,15,15,17,16,15,18,16,12,16,26,13,16,37,15,15,14,16,16,BACTERIAL_LEAF_BLIGHT
50,14,19,28,14,15,15,16,17,14,16,18,17,15,15,15,16,15,15,16,11,14,14,15,28,15,16,36,15,15,14,16,15,BACTERIAL_LEAF_BLIGHT
47,11,22,29,14,15,15,15,17,7,12,20,15,15,16,15,15,16,16,18,17,14,13,17,27,15,16,35,15,16,16,16,15,BACTERIAL_LEAF_BLIGHT
51,18,13,28,17,15,16,16,14,20,8,13,15,16,16,16,16,16,15,13,15,15,18,15,27,17,15,36,16,15,16,16,15,BACTERIAL_LEAF_BLIGHT
51,18,18,27,14,20,17,14,13,12,9,19,12,16,16,16,16,13,18,16,16,19,17,17,24,15,18,37,15,15,16,16,16,BACTERIAL_LEAF_BLIGHT
51,17,15,27,13,17,18,16,14,16,9,22,14,15,16,15,16,14,15,17,15,20,16,16,24,14,16,37,15,15,16,16,16,BACTERIAL_LEAF_BLIGHT
54,15,29,15,13,15,16,15,22,8,18,12,17,15,15,16,16,17,14,16,17,12,15,29,18,14,18,33,16,13,17,16,17,BROWN_SPOT
49,15,16,29,26,16,15,15,16,12,17,7,11,17,15,16,16,16,15,18,16,11,16,10,26,24,16,36,17,17,14,15,15,BROWN_SPOT
44,14,28,28,13,15,16,17,18,16,5,19,16,15,16,16,16,16,10,16,16,12,13,28,16,17,16,35,15,12,16,15,15,BROWN_SPOT
50,10,5,18,16,14,16,16,13,12,14,13,15,17,15,15,15,16,17,15,13,6,11,8,24,20,16,39,16,17,17,14,16,BROWN_SPOT
44,11,6,23,10,17,15,15,15,13,20,11,16,15,16,16,16,15,18,14,14,10,18,12,24,11,16,37,13,16,13,15,16,BROWN_SPOT
56,17,27,18,16,15,16,15,14,13,13,15,16,15,15,16,16,16,15,16,16,6,18,30,22,16,16,27,17,19,16,15,15,BROWN_SPOT
51,18,7,23,12,14,16,17,16,12,17,16,16,15,16,16,16,16,16,15,15,3,20,3,26,12,16,26,16,14,18,15,15,BROWN_SPOT
49,21,11,28,22,13,15,12,19,14,17,18,14,16,16,15,16,16,15,16,17,5,17,14,28,22,13,41,16,16,11,14,16,BROWN_SPOT
38,15,9,24,16,15,15,18,15,14,19,16,15,16,16,15,17,14,17,14,17,2,15,13,10,15,15,44,15,17,16,15,16,BROWN_SPOT
37,17,12,23,13,16,16,15,17,15,19,17,15,16,16,16,16,15,15,15,18,2,15,11,9,16,15,43,16,16,18,16,15,BROWN_SPOT
52,10,7,27,20,18,16,18,22,18,15,18,14,16,16,15,16,16,16,21,16,8,13,8,26,26,15,39,16,17,12,12,16,BROWN_SPOT
57,14,18,27,17,16,16,16,17,12,11,13,16,15,16,16,15,15,15,16,16,20,15,17,26,16,17,34,14,15,13,15,15,BROWN_SPOT
50,18,18,27,22,15,15,16,15,16,21,17,14,16,15,16,15,17,15,14,15,4,17,21,29,24,15,40,17,14,12,14,15,BROWN_SPOT
48,19,23,24,20,15,16,16,18,17,17,14,15,16,16,16,16,16,16,16,16,2,22,25,23,23,17,40,15,14,16,15,14,BROWN_SPOT
35,15,12,22,22,16,15,13,15,12,14,17,17,17,16,16,14,15,16,15,13,5,11,14,11,17,16,37,16,15,20,16,15,BROWN_SPOT
34,21,20,19,14,14,16,16,17,13,13,17,15,15,15,16,16,16,15,15,14,0,10,10,13,18,17,39,17,16,19,15,15,BROWN_SPOT
46,22,15,29,25,14,16,15,16,12,20,13,13,17,16,16,15,16,12,15,14,9,18,14,26,24,15,35,16,15,15,14,15,BROWN_SPOT
54,24,25,15,21,16,16,11,11,22,14,10,12,16,16,16,15,17,20,14,16,7,24,29,13,19,18,38,14,12,15,15,14,BROWN_SPOT
57,16,13,27,14,17,15,16,14,21,9,18,14,15,16,16,16,15,14,18,13,16,15,12,27,13,16,30,16,15,18,15,15,BROWN_SPOT
50,17,21,28,14,16,16,16,16,13,20,16,15,15,15,16,16,16,15,16,12,11,17,23,28,14,15,36,15,15,15,16,16,BROWN_SPOT
50,17,21,28,16,16,16,15,17,11,16,14,16,15,16,16,15,16,15,12,12,12,17,23,27,14,16,34,16,16,16,16,16,BROWN_SPOT
43,14,25,26,17,15,15,16,14,15,16,18,16,16,16,16,16,15,16,14,11,10,14,19,27,16,16,38,15,16,16,16,15,BROWN_SPOT
53,17,20,28,16,17,16,16,14,8,11,15,14,16,16,16,15,15,15,17,18,15,16,19,26,16,16,35,15,16,16,16,16,BROWN_SPOT
52,15,18,28,16,16,16,16,15,11,10,14,15,16,16,16,15,15,15,17,16,14,15,18,26,16,16,35,15,16,16,16,16,BROWN_SPOT
53,14,20,26,17,17,16,15,16,8,12,15,14,15,17,16,15,15,17,17,18,16,15,19,25,16,16,36,15,16,16,16,16,BROWN_SPOT
55,17,19,26,15,17,15,15,15,9,11,16,15,16,16,15,16,16,15,15,18,14,17,20,27,15,17,36,15,15,15,16,15,BROWN_SPOT
52,16,17,28,16,15,16,16,15,12,12,15,16,15,16,15,15,15,15,15,16,12,17,18,28,16,15,37,15,15,15,16,16,BROWN_SPOT
54,17,18,26,15,16,16,16,14,11,13,16,16,16,16,16,15,15,15,16,16,12,16,19,28,16,17,39,16,16,13,16,16,BROWN_SPOT
51,14,22,26,18,15,16,16,14,10,15,14,15,16,16,16,15,15,15,16,13,10,15,23,27,18,15,38,15,15,15,15,16,BROWN_SPOT
53,15,15,28,17,16,15,16,16,16,9,12,15,16,16,15,15,16,15,15,15,14,16,16,27,17,16,36,16,16,16,15,16,BROWN_SPOT
51,15,17,28,18,16,16,16,16,14,12,13,15,16,16,15,15,15,16,15,15,12,17,18,28,17,15,36,15,15,16,16,16,BROWN_SPOT
49,15,23,27,20,16,15,16,12,13,17,14,15,16,16,16,15,15,15,15,12,11,15,21,27,20,16,37,15,15,14,15,16,BROWN_SPOT
55,15,20,23,19,15,16,16,13,9,15,11,14,16,15,15,16,15,17,21,18,20,15,18,21,18,15,39,15,16,15,15,16,BROWN_SPOT
52,13,25,24,17,15,16,16,16,7,17,17,15,16,15,16,16,15,16,14,13,15,14,24,24,17,15,36,15,15,15,16,16,BROWN_SPOT
53,17,17,28,19,17,16,14,13,12,8,9,13,15,16,16,15,16,17,18,18,22,16,16,22,17,15,35,16,16,17,16,16,BROWN_SPOT
52,16,24,27,17,16,16,15,14,6,14,16,15,16,16,16,16,15,16,17,17,17,15,21,24,17,16,35,16,16,17,15,16,BROWN_SPOT
52,16,21,26,19,16,15,16,13,11,16,13,15,16,16,15,15,16,15,16,14,12,13,19,27,19,19,38,16,15,15,15,15,BROWN_SPOT
55,16,17,26,17,17,17,15,15,13,8,13,13,15,16,16,15,14,16,18,16,17,15,17,26,17,17,36,15,15,16,16,16,BROWN_SPOT
49,15,20,29,16,15,16,16,15,13,16,16,15,16,16,15,16,15,15,16,11,11,15,17,28,16,15,36,15,16,15,16,16,BROWN_SPOT
43,18,20,28,13,16,16,16,16,15,21,16,16,15,16,16,15,16,15,15,10,9,18,16,28,14,15,34,15,16,17,15,16,BROWN_SPOT
54,16,3,10,17,15,15,15,10,23,17,13,16,14,15,15,16,15,16,14,16,12,16,3,12,16,18,33,15,17,17,15,17,BROWN_SPOT
49,16,12,29,26,16,16,17,17,20,17,8,11,16,15,16,16,15,15,14,16,11,15,19,26,24,16,36,14,14,13,14,15,BROWN_SPOT
44,18,3,28,13,15,15,14,13,17,4,18,15,15,16,15,15,15,20,15,15,12,18,3,15,17,16,35,16,19,16,15,15,BROWN_SPOT
50,21,25,19,16,14,15,15,18,18,15,14,16,17,15,16,16,15,15,16,17,6,20,20,24,20,16,38,15,15,17,15,16,BROWN_SPOT
44,20,25,23,10,17,16,16,16,17,21,11,17,15,16,15,15,16,13,17,17,10,13,18,24,11,16,37,18,16,13,15,16,BROWN_SPOT
56,15,4,18,16,15,16,16,17,18,13,15,16,15,15,15,15,15,15,15,16,6,13,1,21,16,15,27,15,12,16,15,15,BROWN_SPOT
51,13,21,24,12,14,16,14,14,17,19,15,16,16,16,15,15,15,15,15,16,3,11,24,26,12,15,26,15,16,18,15,15,BROWN_SPOT
49,11,17,28,21,13,16,19,13,18,18,17,14,16,16,16,16,15,16,17,15,5,14,13,28,21,13,41,16,16,11,14,16,BROWN_SPOT
38,16,14,25,15,15,16,15,16,15,21,15,14,15,16,16,15,17,15,16,17,2,16,19,12,16,15,44,16,15,16,15,16,BROWN_SPOT
37,14,12,23,15,16,16,16,13,15,18,16,15,16,15,16,15,17,15,15,19,2,17,21,14,16,15,44,15,15,17,16,15,BROWN_SPOT
52,20,23,27,21,19,15,14,10,13,16,18,13,16,16,16,16,16,15,11,15,8,17,22,26,25,16,39,15,14,12,13,16,BROWN_SPOT
57,17,13,27,17,16,15,15,14,20,11,13,15,15,16,15,16,16,16,15,15,20,16,14,26,16,17,34,17,16,13,15,15,BROWN_SPOT
50,14,6,25,19,15,16,17,18,16,16,14,15,15,15,15,16,14,16,20,18,4,14,3,26,21,15,40,15,20,14,15,15,BROWN_SPOT
48,13,7,18,19,15,16,17,17,21,12,14,15,15,15,16,17,16,16,17,20,2,11,7,16,18,16,40,16,15,16,15,15,BROWN_SPOT
35,16,11,20,16,16,16,15,20,18,19,13,18,15,16,15,15,16,14,18,12,5,20,19,13,12,16,37,15,13,18,17,15,BROWN_SPOT
34,10,11,16,14,14,15,15,13,20,13,15,15,16,15,15,15,15,16,16,16,0,21,20,17,17,17,39,15,13,18,16,15,BROWN_SPOT
46,9,9,28,24,14,15,17,18,20,20,13,13,16,15,16,17,15,17,19,19,9,13,12,26,23,15,35,15,17,16,14,15,BROWN_SPOT
55,8,9,13,18,15,16,20,22,14,10,13,15,16,15,16,16,14,9,15,17,7,7,3,7,15,17,38,17,20,16,16,14,BROWN_SPOT
57,15,18,27,14,17,16,15,17,11,9,19,14,15,16,16,15,16,17,13,18,16,16,19,27,13,16,30,15,16,18,15,15,BROWN_SPOT
50,15,10,28,14,16,16,15,15,19,20,16,15,15,15,16,15,15,16,15,19,11,14,8,28,14,15,36,16,17,15,16,16,BROWN_SPOT
50,14,10,28,16,16,15,16,14,20,17,14,16,15,15,15,16,15,16,19,19,12,14,8,27,14,16,34,16,15,16,16,16,BROWN_SPOT
43,17,6,26,17,15,16,15,18,16,16,18,16,16,16,16,15,16,15,17,20,10,17,12,27,16,16,37,16,15,16,16,16,BROWN_SPOT
53,15,11,28,16,17,15,15,17,24,11,15,14,16,16,15,16,16,16,14,13,15,15,12,26,16,16,35,16,15,16,16,16,BROWN_SPOT
52,16,13,28,16,16,15,15,16,20,10,14,15,16,16,15,16,16,16,14,15,14,16,13,26,16,16,35,16,15,16,16,16,BROWN_SPOT
53,17,11,26,17,17,15,16,16,24,12,15,13,15,17,15,16,16,14,14,13,16,16,12,25,16,16,36,16,15,16,16,16,BROWN_SPOT
55,15,12,26,15,17,16,16,16,22,11,16,15,16,16,16,15,16,16,16,13,14,14,11,27,15,17,36,16,16,15,16,15,BROWN_SPOT
52,15,13,28,16,15,15,15,16,19,12,15,16,15,16,16,16,16,16,16,15,12,14,13,28,16,15,37,16,16,15,16,16,BROWN_SPOT
54,14,13,26,15,16,15,15,17,20,13,16,16,16,16,16,16,16,16,15,15,12,15,12,28,16,17,39,15,16,13,16,16,BROWN_SPOT
51,17,9,26,18,15,15,15,17,21,15,14,15,16,16,15,16,16,16,15,18,10,16,8,27,18,15,38,16,16,15,15,16,BROWN_SPOT
53,16,15,28,17,16,16,15,15,16,9,12,15,16,16,16,16,16,16,16,16,14,15,15,27,17,16,36,15,16,16,15,16,BROWN_SPOT
51,16,14,28,18,16,15,15,15,17,12,13,15,16,16,16,16,16,15,16,16,12,15,13,28,17,15,36,16,16,16,16,16,BROWN_SPOT
49,16,8,27,20,16,16,15,19,19,17,14,15,16,16,15,16,16,16,16,19,11,16,10,27,20,16,37,16,16,14,15,16,BROWN_SPOT
55,15,20,23,19,15,16,16,13,9,15,11,14,16,15,15,16,15,17,21,18,20,15,18,21,18,15,39,15,16,15,15,16,BROWN_SPOT
52,19,6,24,17,15,16,15,15,24,17,17,15,16,15,15,16,16,15,17,18,15,18,7,24,17,15,36,16,16,15,16,16,BROWN_SPOT
53,14,14,28,19,17,15,17,18,19,9,9,14,15,16,16,16,16,13,13,13,22,15,15,22,17,15,35,15,15,17,16,16,BROWN_SPOT
52,15,7,26,17,16,15,16,17,25,15,16,16,16,16,15,15,16,15,14,14,17,16,10,24,17,16,35,15,15,17,16,16,BROWN_SPOT
52,15,10,26,19,16,16,16,18,20,16,13,15,16,16,16,16,15,16,15,18,12,18,12,27,20,19,38,15,16,15,15,15,BROWN_SPOT
55,15,14,26,17,17,14,16,16,18,8,13,13,15,16,15,16,17,15,13,15,17,16,14,26,17,17,36,16,16,16,16,16,BROWN_SPOT
49,16,11,28,16,15,16,15,16,18,16,16,15,16,16,16,16,16,16,15,20,11,16,14,28,16,15,36,16,15,15,16,16,BROWN_SPOT
43,14,11,28,13,16,15,15,15,16,21,16,16,15,16,16,16,15,16,16,21,9,13,15,28,14,15,34,16,15,17,15,16,BROWN_SPOT
43,17,11,28,18,16,16,15,16,16,21,15,16,16,16,15,16,16,16,15,21,9,18,15,28,18,15,35,15,15,17,16,16,BROWN_SPOT
49,15,11,29,15,15,16,15,15,18,16,15,16,15,16,16,16,15,16,16,20,11,15,14,28,15,15,36,15,15,15,15,16,BROWN_SPOT
55,16,14,26,14,17,17,16,15,18,8,18,13,16,16,16,16,14,15,18,15,17,15,14,26,14,17,36,15,16,16,16,16,BROWN_SPOT
52,16,10,26,12,16,15,16,13,20,16,18,15,15,16,15,16,16,16,16,18,12,13,12,27,12,19,38,16,16,15,16,15,BROWN_SPOT
52,16,7,27,15,16,16,16,14,25,15,15,15,15,16,16,15,15,15,17,14,17,15,10,24,14,16,35,16,15,16,16,16,BROWN_SPOT
53,17,14,28,12,17,16,17,13,19,9,22,14,16,16,16,16,16,14,18,13,22,16,15,22,14,16,35,16,15,17,16,16,BROWN_SPOT
52,13,6,24,14,15,16,15,16,24,17,14,15,15,15,16,16,15,15,14,18,15,14,7,24,14,15,36,15,16,15,15,16,BROWN_SPOT
55,16,20,23,12,15,16,16,18,9,15,20,14,15,15,16,16,16,17,10,18,20,16,18,21,13,15,39,16,16,15,16,16,BROWN_SPOT
49,15,8,27,11,16,15,15,12,19,17,17,15,15,16,16,16,15,16,15,20,11,15,10,27,11,16,37,15,16,14,16,16,BROWN_SPOT
51,15,14,28,13,16,16,16,16,17,12,18,15,15,16,15,16,15,15,15,16,12,17,13,28,14,15,36,15,16,16,16,16,BROWN_SPOT
53,15,15,28,14,16,15,15,16,16,9,19,15,15,16,15,16,15,16,15,16,14,16,15,27,14,16,36,16,16,16,16,16,BROWN_SPOT
51,14,9,26,13,15,16,15,14,22,15,17,15,16,16,16,16,15,16,16,18,10,15,8,27,13,15,38,15,16,15,16,16,BROWN_SPOT
54,17,13,26,16,16,16,16,14,20,13,15,16,15,16,16,16,15,16,16,15,12,16,12,28,15,17,39,16,16,13,16,16,BROWN_SPOT
52,16,14,28,15,15,16,15,15,19,12,16,16,16,16,15,16,15,16,15,15,12,17,13,28,15,15,37,15,16,15,16,16,BROWN_SPOT
55,16,12,26,16,17,15,16,15,22,11,15,15,15,16,15,16,16,16,15,13,14,17,11,27,16,17,36,15,16,15,15,15,BROWN_SPOT
53,14,11,26,14,17,16,16,15,24,12,16,14,16,17,16,16,15,14,17,13,16,15,12,25,15,16,36,15,15,16,15,16,BROWN_SPOT
52,15,13,28,15,16,16,15,15,20,10,17,15,15,16,16,16,16,16,17,15,15,15,13,26,15,16,35,15,15,16,16,16,BROWN_SPOT
53,17,11,28,15,17,16,15,14,24,11,16,14,15,16,16,16,15,16,17,13,15,16,12,26,15,16,35,15,16,16,15,16,BROWN_SPOT
42,14,6,26,14,15,15,15,14,16,16,13,16,15,16,16,15,15,15,14,20,10,14,12,27,15,16,38,15,15,16,16,16,BROWN_SPOT
50,17,10,28,15,16,16,16,17,20,16,17,16,16,16,16,16,16,16,12,19,12,17,8,27,17,16,34,16,16,16,16,16,BROWN_SPOT
50,17,10,28,17,16,16,15,16,19,20,15,15,16,15,16,15,16,16,16,19,11,17,8,28,17,15,36,16,17,15,16,16,BROWN_SPOT
57,16,18,27,17,17,15,15,14,11,9,12,14,16,16,16,16,15,17,18,18,17,15,19,27,18,16,30,16,16,18,16,15,BROWN_SPOT
54,24,9,13,13,15,15,20,9,14,10,19,15,16,15,15,16,17,9,16,17,7,24,3,7,16,17,38,14,20,16,15,14,BROWN_SPOT
46,22,9,28,7,14,16,17,13,20,20,18,13,15,15,15,17,16,17,12,19,9,18,12,26,8,15,35,16,17,16,17,15,BROWN_SPOT
34,21,11,16,17,14,16,15,18,20,13,16,15,15,15,16,15,16,16,15,16,0,10,20,17,14,17,39,16,14,18,15,15,BROWN_SPOT
35,16,11,20,15,16,15,15,11,18,19,18,18,16,16,16,15,15,14,13,12,5,11,19,13,19,16,37,16,13,18,14,15,BROWN_SPOT
48,18,7,18,12,15,15,17,14,21,12,17,15,17,15,15,17,16,16,14,20,2,20,7,16,13,16,40,15,15,16,16,15,BROWN_SPOT
50,17,6,25,12,15,15,17,13,16,16,17,15,16,15,16,16,17,16,11,18,4,17,3,26,10,15,40,17,20,14,16,15,BROWN_SPOT
57,14,13,27,14,16,16,15,17,20,11,18,15,16,16,16,16,15,16,16,15,20,15,14,26,15,16,34,14,16,13,16,15,BROWN_SPOT
52,11,23,27,11,19,16,14,22,13,15,13,13,15,16,16,16,15,15,20,15,8,14,23,26,6,16,39,16,14,12,18,16,BROWN_SPOT
37,17,12,23,16,16,15,16,18,15,18,15,15,15,15,15,15,14,15,16,19,2,15,21,13,15,15,43,16,15,17,15,15,BROWN_SPOT
38,15,14,25,16,15,15,15,15,15,21,16,14,16,16,15,15,14,15,15,17,2,15,19,12,15,15,44,15,15,16,16,16,BROWN_SPOT
49,21,17,28,10,13,15,19,18,18,18,14,14,16,16,15,16,16,16,14,15,5,17,13,28,10,13,41,16,16,11,17,16,BROWN_SPOT
51,18,21,24,19,14,15,14,17,17,19,16,16,15,16,16,15,16,15,16,16,3,20,24,26,19,15,26,16,16,18,16,15,BROWN_SPOT
56,17,4,18,15,15,15,16,14,18,13,16,16,16,15,16,15,16,15,16,16,6,18,1,22,15,15,27,17,12,16,16,15,BROWN_SPOT
44,11,25,23,21,17,15,16,16,17,21,20,17,16,16,16,15,15,13,14,17,10,18,18,24,20,16,37,13,16,13,16,16,BROWN_SPOT
50,10,25,19,15,14,16,15,13,18,15,17,16,14,15,15,16,16,15,15,17,6,11,20,24,11,16,39,16,15,17,17,16,BROWN_SPOT
44,14,3,28,18,15,16,14,18,17,4,13,16,16,16,16,15,16,20,16,15,12,13,3,15,14,16,35,15,19,16,16,15,BROWN_SPOT
49,15,12,29,5,16,15,17,14,20,17,23,11,15,15,15,16,16,15,17,16,11,16,19,26,7,16,36,17,14,14,17,15,BROWN_SPOT
54,15,3,10,14,15,16,15,21,23,17,18,16,17,15,16,16,16,16,17,16,12,15,3,12,15,18,33,16,17,17,16,17,BROWN_SPOT
43,14,20,28,18,16,15,16,15,15,21,15,16,16,16,16,15,15,15,16,10,9,13,16,28,18,15,34,16,16,17,16,16,BROWN_SPOT
49,16,20,29,15,15,16,16,16,13,16,15,15,15,16,16,16,16,15,15,11,11,16,17,28,15,15,36,16,16,15,15,16,BROWN_SPOT
55,15,17,26,14,17,14,15,16,13,8,18,13,16,16,15,15,17,16,13,16,17,16,17,26,14,17,36,16,15,16,16,16,BROWN_SPOT
52,15,21,26,12,16,16,16,18,11,16,18,15,15,16,16,15,15,15,15,14,12,19,19,27,12,19,38,15,15,15,16,15,BROWN_SPOT
52,15,24,27,14,16,15,15,17,6,14,16,15,15,16,15,16,16,16,14,17,17,16,22,24,14,16,35,15,16,16,16,16,BROWN_SPOT
53,14,17,28,12,17,15,14,18,12,8,22,13,16,16,16,16,16,17,13,18,22,15,16,22,14,16,35,15,16,17,16,16,BROWN_SPOT
52,19,25,24,14,15,16,16,15,7,17,14,15,15,15,15,16,16,16,17,13,15,18,24,24,14,15,36,16,15,15,15,16,BROWN_SPOT
55,15,11,23,12,15,16,15,13,22,15,20,14,15,15,15,15,15,14,21,13,20,15,13,21,13,15,39,15,16,15,16,16,BROWN_SPOT
49,16,23,27,11,16,16,16,19,12,17,17,15,15,16,15,15,16,15,16,12,11,16,21,27,11,16,37,16,15,14,16,16,BROWN_SPOT
51,16,17,28,13,16,15,16,15,14,12,18,15,15,16,16,15,16,16,16,15,12,15,18,28,14,15,36,16,15,16,16,16,BROWN_SPOT
53,16,16,28,14,16,16,16,15,15,9,19,15,15,16,16,15,16,15,16,15,14,15,16,27,14,16,36,16,16,16,16,16,BROWN_SPOT
51,17,22,26,13,15,15,16,17,10,15,17,15,16,16,15,15,16,15,15,13,10,16,23,27,13,15,38,16,15,15,16,16,BROWN_SPOT
54,14,18,26,16,16,15,16,17,11,13,15,16,15,16,16,15,16,15,15,16,12,16,19,28,15,17,39,15,16,13,16,16,BROWN_SPOT
52,15,17,28,15,15,15,16,16,12,12,16,16,16,16,16,15,16,16,16,16,12,14,18,28,15,15,37,16,15,15,16,16,BROWN_SPOT
55,15,19,26,16,17,16,15,16,9,11,15,15,15,16,16,16,16,15,16,18,14,14,20,27,16,17,36,16,15,15,15,15,BROWN_SPOT
53,17,20,26,14,17,15,15,15,8,12,16,14,16,17,15,15,16,17,14,18,16,16,19,25,15,16,36,16,16,16,15,16,BROWN_SPOT
52,16,18,28,15,16,15,16,16,11,10,17,15,15,16,15,15,16,15,14,16,15,16,18,26,15,16,35,16,16,16,16,16,BROWN_SPOT
53,15,20,28,15,17,15,16,17,8,11,16,14,15,16,15,15,16,15,14,18,15,15,19,26,15,16,35,16,16,16,16,16,BROWN_SPOT
42,17,25,27,14,15,16,16,18,15,16,13,16,15,16,16,16,16,16,17,11,10,17,19,27,15,16,38,16,16,16,16,16,BROWN_SPOT
50,14,21,28,15,16,15,15,14,11,16,17,16,16,16,15,15,15,15,19,12,12,14,23,27,17,16,34,16,16,16,16,16,BROWN_SPOT
50,14,21,28,17,16,15,16,15,13,20,15,15,16,15,16,16,15,15,15,12,11,14,23,28,17,15,36,16,15,15,16,16,BROWN_SPOT
57,15,13,27,17,17,16,16,17,21,9,13,14,16,16,16,16,16,14,13,13,16,16,12,27,18,16,30,15,15,18,16,15,BROWN_SPOT
54,7,25,16,11,16,15,11,20,21,14,21,12,15,16,15,15,14,20,17,16,7,7,29,13,13,18,38,17,12,14,16,14,BROWN_SPOT
46,9,15,29,6,14,15,15,15,12,20,18,13,14,16,16,15,15,12,16,14,9,13,14,26,8,15,35,15,15,15,17,15,BROWN_SPOT
34,10,20,19,17,14,15,16,14,13,13,14,15,16,15,15,16,15,15,16,14,0,22,10,13,13,17,39,15,16,19,16,15,BROWN_SPOT
35,15,13,22,9,16,16,13,16,12,14,14,17,14,15,15,14,16,16,16,13,5,20,14,11,15,16,37,15,15,20,15,15,BROWN_SPOT
48,12,23,24,11,15,15,16,13,17,17,17,15,15,16,15,16,16,16,15,16,2,10,25,23,8,17,40,16,14,16,16,15,BROWN_SPOT
50,13,18,27,9,15,16,16,16,16,21,14,14,15,15,15,15,14,15,17,14,4,14,21,28,7,16,40,14,14,12,17,15,BROWN_SPOT
57,17,18,27,14,16,15,16,14,12,11,18,16,16,16,15,15,16,15,15,16,20,16,17,26,15,16,34,17,15,13,16,15,BROWN_SPOT
52,21,7,27,11,18,15,17,9,18,15,13,14,15,16,16,16,15,16,11,16,8,18,8,26,6,15,38,15,17,12,19,16,BROWN_SPOT
37,14,12,23,18,16,16,15,14,15,19,14,15,15,16,15,16,16,15,16,18,2,16,11,10,15,15,43,15,16,18,16,15,BROWN_SPOT
38,16,9,24,15,15,16,18,16,14,18,15,15,15,16,16,17,17,17,17,17,2,16,13,10,16,15,44,16,17,16,16,16,BROWN_SPOT
49,10,11,28,9,13,16,12,12,14,17,13,14,16,16,16,16,15,15,15,16,5,14,15,28,9,13,41,16,16,11,17,16,BROWN_SPOT
51,13,7,23,19,14,16,17,15,12,17,15,16,16,16,15,16,15,16,16,15,3,11,3,25,19,16,26,15,14,18,16,15,BROWN_SPOT
56,14,27,18,15,15,15,15,17,13,13,16,16,16,15,15,16,15,15,15,16,6,13,30,21,15,16,27,14,19,16,16,15,BROWN_SPOT
44,20,6,23,21,17,16,15,16,13,20,20,16,16,16,15,16,16,18,17,14,10,13,12,24,20,16,37,18,16,13,16,16,BROWN_SPOT
50,21,5,18,15,14,15,16,18,12,14,18,15,14,15,16,15,15,17,16,13,6,20,8,24,11,16,38,15,17,17,17,17,BROWN_SPOT
44,18,28,28,18,15,15,17,13,16,5,12,16,16,16,15,16,15,10,15,16,12,18,28,16,15,16,35,16,12,16,16,15,BROWN_SPOT
49,16,17,29,5,16,16,16,15,12,17,24,11,14,15,15,15,15,15,13,16,11,15,11,26,7,16,36,14,17,14,17,15,BROWN_SPOT
54,16,29,15,18,15,15,15,9,8,18,20,17,16,15,15,16,15,14,15,17,12,16,29,17,17,18,33,15,13,17,16,17,BROWN_SPOT
17,18,13,17,9,17,16,18,7,23,22,11,15,14,16,16,16,15,15,15,21,15,14,21,19,16,16,29,17,14,15,16,16,LEAF_SMUT
19,15,20,2,20,15,16,16,16,16,7,16,16,16,15,15,15,15,16,17,11,11,16,13,25,13,16,20,14,15,21,14,16,LEAF_SMUT
14,13,15,2,17,15,15,16,15,17,9,15,15,16,16,16,16,15,15,18,15,13,17,17,25,15,16,21,16,15,21,15,15,LEAF_SMUT
48,16,6,29,17,16,15,15,17,19,18,16,15,15,15,15,15,15,16,16,24,13,16,8,26,17,16,27,16,14,18,16,16,LEAF_SMUT
53,17,13,29,18,17,15,15,15,17,14,14,14,15,16,15,16,15,16,15,18,13,16,14,28,17,15,30,16,14,17,16,14,LEAF_SMUT
31,24,5,18,8,17,14,19,14,20,12,21,12,16,15,15,15,14,18,12,18,9,20,10,18,11,15,28,15,17,18,13,12,LEAF_SMUT
23,16,16,17,15,15,16,15,15,17,15,17,15,16,15,16,16,15,15,16,16,7,16,14,15,17,15,29,19,15,15,17,15,LEAF_SMUT
59,16,15,25,15,16,16,15,15,16,8,16,15,16,15,15,16,15,16,16,14,24,17,15,24,16,15,31,17,16,16,15,15,LEAF_SMUT
38,17,10,28,17,16,16,16,17,19,18,16,15,16,15,15,15,15,15,15,19,14,16,14,27,17,15,25,16,15,18,16,16,LEAF_SMUT
37,25,7,30,16,17,17,17,18,18,21,20,13,15,16,16,16,15,16,8,20,14,18,11,25,15,16,26,18,15,19,15,15,LEAF_SMUT
38,20,7,29,14,15,16,16,18,17,26,17,16,16,15,16,15,15,16,12,24,10,17,12,27,14,16,27,17,16,19,16,14,LEAF_SMUT
40,12,12,29,14,15,16,15,14,14,25,15,15,16,15,16,15,15,15,16,21,10,16,10,27,15,15,25,15,14,20,15,16,LEAF_SMUT
53,17,13,29,18,17,15,14,15,17,14,14,14,15,16,15,16,15,16,15,18,13,16,14,28,17,14,30,16,14,17,16,14,LEAF_SMUT
32,14,7,29,20,19,15,16,17,11,25,16,16,15,17,15,16,16,17,19,20,15,15,13,23,16,17,33,16,15,15,15,15,LEAF_SMUT
41,21,10,19,11,13,16,18,16,17,11,18,13,16,14,15,16,16,17,12,20,8,18,9,16,13,16,33,14,15,16,16,17,LEAF_SMUT
47,15,6,20,20,15,16,13,13,16,11,18,17,15,16,16,16,16,15,14,22,7,13,7,22,17,18,38,16,17,14,16,16,LEAF_SMUT
41,16,11,12,16,15,15,15,15,13,14,15,15,16,15,16,16,15,15,15,14,5,16,19,17,15,16,37,14,15,18,17,16,LEAF_SMUT
49,16,17,29,9,18,14,17,18,15,12,24,12,15,16,15,16,18,15,13,14,17,15,17,24,13,17,36,15,15,17,15,16,LEAF_SMUT
53,16,12,28,13,17,15,17,14,22,10,22,14,15,16,15,16,17,13,19,12,20,15,14,24,14,16,36,15,15,16,16,16,LEAF_SMUT
54,16,14,27,14,16,15,15,15,18,7,20,14,16,16,15,16,16,16,17,15,21,15,15,22,15,16,37,15,16,17,16,16,LEAF_SMUT
52,16,12,28,12,17,15,15,13,21,10,21,14,16,16,15,16,15,16,19,14,18,15,13,24,14,16,35,16,16,17,16,16,LEAF_SMUT
55,16,15,26,16,16,15,15,15,16,7,15,15,16,16,15,16,16,16,15,15,20,15,15,24,16,16,37,16,16,14,16,16,LEAF_SMUT
54,15,20,26,12,16,16,15,18,7,14,20,15,16,16,16,16,14,17,12,19,20,16,18,23,14,16,36,16,16,15,16,16,LEAF_SMUT
52,17,15,28,18,16,15,14,15,16,11,11,15,15,16,15,16,16,18,16,16,17,15,14,25,17,16,37,16,16,15,16,15,LEAF_SMUT
55,14,14,25,14,16,17,16,18,19,10,19,15,15,16,15,16,15,15,16,13,22,14,14,22,14,16,38,15,16,15,16,16,LEAF_SMUT
52,16,12,28,13,17,15,16,15,21,9,19,15,16,16,16,16,15,15,17,14,17,16,14,25,14,16,36,16,16,15,16,16,LEAF_SMUT
53,11,20,27,15,18,13,14,19,8,12,16,13,16,17,15,15,17,18,14,17,17,13,19,25,15,16,36,16,15,15,16,16,LEAF_SMUT
52,13,20,28,13,18,14,14,18,12,14,19,14,16,17,15,15,17,17,15,14,14,14,19,26,13,17,36,15,15,15,16,16,LEAF_SMUT
53,15,17,28,15,16,16,16,16,13,7,16,15,16,16,15,16,15,15,14,16,19,16,17,24,15,15,36,16,15,15,15,16,LEAF_SMUT
55,13,19,27,16,18,14,15,18,8,10,15,13,16,17,15,15,17,17,15,19,21,15,18,23,16,16,36,16,15,14,15,16,LEAF_SMUT
53,15,14,27,15,16,16,15,18,19,7,16,14,16,16,15,15,15,16,16,14,18,14,14,24,15,15,37,14,16,16,16,16,LEAF_SMUT
51,16,11,28,15,16,16,15,14,23,11,15,15,16,16,16,16,15,16,17,15,15,14,12,25,15,15,35,16,16,16,16,16,LEAF_SMUT
56,15,19,26,15,16,15,15,16,9,10,16,16,15,15,16,16,15,16,15,19,21,16,18,24,16,16,34,16,15,15,15,16,LEAF_SMUT
57,15,16,26,16,16,16,15,16,14,7,15,15,15,15,16,16,16,16,15,18,22,16,16,24,16,16,34,16,15,15,15,16,LEAF_SMUT
54,15,17,28,13,16,15,16,16,14,8,20,15,15,16,15,16,16,15,14,17,19,15,16,25,14,16,36,16,15,14,16,16,LEAF_SMUT
54,15,20,28,13,16,15,16,18,8,11,20,14,15,16,15,16,16,15,12,18,18,14,19,25,14,16,36,16,15,14,16,16,LEAF_SMUT
53,19,11,28,13,18,17,17,11,22,10,18,13,16,17,16,16,15,14,20,15,18,15,12,24,13,17,36,16,16,16,16,16,LEAF_SMUT
49,15,17,28,7,16,16,16,17,14,14,24,12,15,15,15,16,16,16,14,16,15,15,17,24,11,16,37,15,16,16,15,16,LEAF_SMUT
51,16,7,26,11,16,16,16,10,25,15,19,15,15,15,16,16,16,14,22,14,17,16,12,23,13,16,36,15,15,16,16,16,LEAF_SMUT
54,16,14,28,16,18,15,16,15,19,7,15,13,15,17,15,16,16,14,14,15,19,16,14,24,16,16,35,16,16,16,16,16,LEAF_SMUT
17,14,16,17,8,17,16,14,24,7,22,11,15,14,16,16,15,16,17,16,9,15,17,10,18,16,16,29,15,17,16,16,16,LEAF_SMUT
20,16,17,3,20,15,15,16,15,15,6,15,15,16,15,16,16,16,16,16,14,11,15,15,25,13,16,13,18,14,25,13,16,LEAF_SMUT
15,18,21,2,17,15,16,15,16,14,9,16,16,16,16,15,15,16,16,14,11,13,14,12,25,15,16,13,15,14,25,14,15,LEAF_SMUT
48,15,22,29,17,16,16,15,15,15,21,15,16,15,15,16,16,16,15,16,8,13,15,20,27,17,16,27,15,16,18,16,16,LEAF_SMUT
53,14,14,30,18,17,15,16,17,19,15,12,14,15,16,16,15,16,15,16,14,13,14,14,29,17,15,30,14,17,17,16,14,LEAF_SMUT
31,7,26,24,6,17,16,14,12,17,16,16,12,16,16,16,17,17,12,19,15,9,11,22,21,8,16,28,16,14,17,13,12,LEAF_SMUT
23,15,15,17,15,15,15,16,16,14,15,18,15,15,16,15,15,16,15,16,15,7,15,17,15,17,15,29,12,17,15,17,15,LEAF_SMUT
59,15,16,25,15,16,15,16,16,15,8,16,15,15,15,16,15,16,15,15,17,24,14,16,24,16,15,31,15,15,16,15,15,LEAF_SMUT
38,14,20,28,17,16,15,16,14,12,18,16,15,16,15,16,16,16,16,17,13,14,15,17,27,17,15,25,15,16,18,16,16,LEAF_SMUT
37,6,21,30,15,17,14,14,12,13,22,19,13,15,16,15,16,16,14,24,12,14,13,19,25,15,16,26,14,16,19,15,15,LEAF_SMUT
38,11,19,29,14,15,15,16,13,14,26,15,16,15,15,15,16,16,16,20,13,10,14,16,27,14,16,27,14,15,18,16,14,LEAF_SMUT
40,19,10,29,14,15,15,16,16,17,26,16,15,16,15,15,16,16,15,14,22,10,16,16,28,15,15,25,16,15,20,15,16,LEAF_SMUT
53,14,14,30,18,17,16,16,16,19,15,12,14,15,16,16,15,16,14,16,14,13,15,14,29,17,15,30,14,17,17,16,14,LEAF_SMUT
32,19,20,29,20,19,17,15,13,19,26,16,16,15,17,17,15,15,15,12,13,15,16,17,23,16,17,32,15,16,15,15,15,LEAF_SMUT
42,8,22,22,10,14,14,16,11,21,17,15,14,15,16,15,16,15,14,16,16,7,14,24,20,10,17,26,18,18,17,15,17,LEAF_SMUT
47,16,22,25,13,15,15,15,20,19,22,13,17,16,16,15,15,15,15,19,17,7,20,20,25,12,17,34,16,16,15,17,16,LEAF_SMUT
42,15,20,12,16,15,16,16,16,18,14,15,15,15,15,15,15,16,16,15,17,4,15,11,17,14,16,31,18,16,19,17,16,LEAF_SMUT
49,15,14,29,9,18,17,14,13,16,12,24,12,15,16,16,15,13,16,18,17,17,16,14,24,12,17,35,16,16,17,15,16,LEAF_SMUT
53,15,19,28,12,17,17,14,17,9,10,22,14,15,16,16,15,14,18,13,19,21,16,17,24,14,16,36,16,16,16,15,16,LEAF_SMUT
54,16,17,27,14,16,16,16,16,14,7,20,14,16,16,16,16,15,15,14,16,21,17,16,22,15,16,37,16,15,17,16,16,LEAF_SMUT
52,15,19,28,12,17,16,16,18,10,10,21,13,16,16,16,15,16,15,12,17,18,16,18,24,14,16,35,15,15,17,16,16,LEAF_SMUT
55,15,16,26,16,16,16,16,16,15,7,15,15,16,16,16,15,15,15,16,16,20,16,16,24,16,16,37,15,15,14,16,16,LEAF_SMUT
54,16,11,26,12,16,15,16,13,24,14,20,15,15,16,15,16,17,14,19,12,20,16,13,23,14,16,36,15,15,15,16,16,LEAF_SMUT
52,14,16,28,18,16,16,17,17,15,11,11,15,15,16,16,15,15,13,15,15,17,17,17,25,17,16,37,15,15,15,16,15,LEAF_SMUT
55,17,17,25,14,15,14,15,13,12,10,19,15,15,16,16,15,16,16,15,18,22,18,17,22,14,16,38,16,15,15,16,16,LEAF_SMUT
52,15,19,28,13,17,16,15,16,10,9,19,15,16,16,15,15,16,16,14,17,17,15,17,25,14,16,36,16,15,15,16,16,LEAF_SMUT
53,20,11,27,15,18,18,17,12,23,12,16,13,16,17,16,16,14,13,17,14,17,18,12,25,15,16,36,15,16,15,16,16,LEAF_SMUT
52,18,12,28,13,18,17,17,13,19,14,19,14,16,17,16,16,14,15,16,17,14,17,12,26,13,17,36,16,16,15,16,16,LEAF_SMUT
53,16,14,28,15,16,15,15,15,18,7,16,15,16,16,16,16,16,16,17,15,19,15,14,24,15,15,36,15,16,15,15,16,LEAF_SMUT
55,18,12,27,16,18,17,16,13,23,10,15,13,16,17,16,16,14,14,16,12,21,16,13,23,16,16,36,16,16,14,15,16,LEAF_SMUT
53,17,17,27,15,16,16,16,13,13,7,16,14,16,16,16,16,16,15,15,17,18,17,17,24,15,15,37,17,15,16,16,16,LEAF_SMUT
51,15,20,28,15,16,15,16,17,9,11,15,15,16,16,15,15,16,15,14,16,15,17,19,25,15,15,35,16,15,16,16,16,LEAF_SMUT
56,16,12,26,15,16,16,16,15,22,10,16,16,15,15,16,16,16,15,16,12,21,16,13,24,15,16,34,16,16,15,15,16,LEAF_SMUT
57,16,15,26,16,16,15,16,15,17,7,15,15,15,15,15,15,16,15,16,13,22,16,15,24,16,16,34,15,16,15,15,16,LEAF_SMUT
54,16,15,28,13,16,16,15,15,17,8,20,15,16,16,16,15,15,16,17,15,19,17,15,25,14,16,36,15,16,14,16,16,LEAF_SMUT
54,16,11,28,13,16,16,15,13,24,11,20,14,15,16,16,15,15,16,19,13,18,17,12,25,14,16,36,15,16,14,16,16,LEAF_SMUT
53,13,20,28,13,18,14,15,20,9,10,18,13,16,17,15,15,16,17,11,16,18,16,19,24,13,17,36,15,15,16,16,16,LEAF_SMUT
49,16,14,28,7,16,16,16,14,17,14,24,12,15,15,16,15,15,15,17,15,15,16,14,24,11,16,37,16,16,16,15,16,LEAF_SMUT
51,15,24,26,11,16,15,15,21,6,15,20,15,15,15,15,15,15,17,9,17,17,15,19,23,13,16,36,16,16,16,16,16,LEAF_SMUT
55,18,12,27,16,18,17,16,13,23,10,15,13,16,17,16,16,14,14,16,12,21,16,13,23,16,16,36,16,16,14,15,16,LEAF_SMUT
54,15,17,28,16,18,16,15,16,12,7,15,13,15,17,16,15,15,17,17,16,19,15,18,24,16,16,35,15,15,16,16,16,LEAF_SMUT
51,16,24,26,20,16,16,15,10,6,15,11,15,16,15,16,15,16,17,22,17,17,16,19,23,18,16,36,15,16,16,16,16,LEAF_SMUT
49,15,14,28,24,16,16,16,18,17,14,7,12,16,15,15,15,16,15,14,15,15,16,14,24,20,16,37,15,16,16,16,16,LEAF_SMUT
53,18,20,28,18,18,17,15,11,9,10,13,13,15,17,16,15,15,17,20,16,18,15,19,24,18,17,36,16,15,16,15,16,LEAF_SMUT
54,16,20,27,18,16,16,16,13,8,11,11,14,16,16,16,16,15,15,19,18,18,17,19,25,17,16,36,15,15,15,15,16,LEAF_SMUT
54,16,16,28,18,16,16,16,15,14,8,11,15,16,16,16,16,15,15,17,16,19,17,16,25,17,16,36,15,15,14,15,16,LEAF_SMUT
57,16,16,26,16,16,15,15,15,14,7,16,15,16,15,15,16,16,16,16,18,22,16,16,24,15,16,34,16,15,15,16,16,LEAF_SMUT
56,16,19,26,16,16,16,15,15,9,10,15,16,16,15,16,16,16,16,16,19,21,16,18,24,16,16,34,16,15,15,16,16,LEAF_SMUT
51,16,20,28,16,16,16,16,15,9,11,16,15,15,16,16,15,15,15,17,16,15,14,19,25,16,15,35,16,15,16,15,16,LEAF_SMUT
54,14,17,27,16,16,15,16,18,13,7,15,14,16,16,15,16,15,15,17,17,18,14,17,24,16,15,37,14,15,16,16,16,LEAF_SMUT
55,18,19,27,15,18,17,15,13,8,10,16,13,15,17,16,15,14,17,16,19,21,16,18,23,15,16,36,16,15,15,16,16,LEAF_SMUT
53,16,17,28,16,16,16,16,15,13,7,15,15,15,16,16,16,16,15,17,16,19,15,17,24,16,15,36,15,15,15,16,16,LEAF_SMUT
52,18,19,28,18,18,17,14,13,12,14,12,14,15,17,17,15,14,17,16,14,14,17,19,26,18,17,36,16,15,15,15,16,LEAF_SMUT
54,20,20,27,16,18,18,14,12,9,12,15,13,15,17,16,15,14,18,17,17,17,18,19,25,16,16,36,15,15,15,15,16,LEAF_SMUT
53,16,19,28,18,17,15,15,15,10,9,12,15,16,16,16,15,15,16,17,17,17,16,17,25,17,16,36,15,15,15,15,16,LEAF_SMUT
55,14,17,25,17,15,17,15,18,12,10,12,15,16,16,15,16,15,16,16,18,22,13,17,22,17,16,38,15,15,15,15,16,LEAF_SMUT
52,17,16,28,13,16,15,17,15,15,11,20,15,16,16,15,15,16,13,16,15,17,15,17,25,14,16,37,16,15,15,15,15,LEAF_SMUT
54,15,11,26,19,16,16,17,18,24,14,11,15,16,16,16,16,14,14,12,12,20,16,13,23,17,16,36,16,15,15,16,16,LEAF_SMUT
55,16,16,26,15,16,15,16,15,15,7,16,15,16,16,15,15,16,15,15,16,20,15,16,24,16,16,37,16,15,14,16,16,LEAF_SMUT
52,16,19,28,19,17,15,16,13,10,10,10,14,15,16,15,15,15,15,19,17,18,15,18,24,17,16,35,16,15,17,16,16,LEAF_SMUT
54,15,17,27,17,16,15,16,15,14,7,11,14,16,16,15,16,16,15,17,16,21,15,16,22,16,16,37,15,15,17,16,16,LEAF_SMUT
53,16,19,28,19,17,14,14,14,9,10,9,14,16,16,15,15,17,18,19,19,20,15,17,24,17,16,36,15,16,16,16,16,LEAF_SMUT
49,16,14,29,22,18,14,14,18,16,12,7,11,16,16,15,15,18,16,13,17,17,15,14,24,19,17,36,15,16,17,16,16,LEAF_SMUT
41,16,20,12,15,15,15,16,15,18,14,16,15,16,15,16,15,15,16,16,17,5,16,12,17,17,16,37,14,16,18,14,16,LEAF_SMUT
46,15,22,25,19,15,16,15,11,19,23,18,17,15,16,16,15,16,15,12,17,7,12,19,25,19,17,38,16,15,14,14,16,LEAF_SMUT
41,23,22,22,21,14,17,16,21,21,17,16,14,16,16,16,16,16,14,16,17,8,17,23,20,21,17,33,14,16,16,16,17,LEAF_SMUT
32,12,20,29,11,19,14,15,18,19,26,15,16,16,18,14,15,16,15,19,13,15,15,17,23,15,17,33,16,16,15,16,15,LEAF_SMUT
53,17,14,30,13,17,15,16,15,19,15,19,14,16,16,15,15,15,14,15,14,13,17,14,29,14,15,30,17,17,17,15,14,LEAF_SMUT
40,12,10,29,17,15,16,16,15,17,26,15,15,15,15,16,16,16,15,18,23,10,16,15,28,16,16,25,15,15,20,16,16,LEAF_SMUT
38,20,19,29,18,15,16,16,18,14,27,16,16,16,15,16,16,15,16,11,13,10,17,16,27,17,16,27,17,15,18,15,14,LEAF_SMUT
37,25,21,30,16,17,17,14,19,13,22,13,13,16,16,16,16,15,14,7,12,14,18,18,25,16,16,26,18,16,19,16,15,LEAF_SMUT
38,17,20,28,14,16,16,15,17,12,18,15,15,16,15,15,16,15,16,15,13,14,16,17,27,15,15,25,16,16,18,15,16,LEAF_SMUT
59,16,16,25,16,16,16,16,15,15,8,15,15,16,15,16,15,15,15,16,17,24,17,16,24,16,16,31,17,15,16,16,15,LEAF_SMUT
23,16,15,17,16,15,16,16,15,14,15,13,15,16,16,16,15,15,15,15,15,7,16,17,15,14,15,29,19,17,15,14,15,LEAF_SMUT
31,24,26,24,25,17,15,14,19,17,16,15,12,15,16,15,17,14,12,12,15,9,20,22,21,23,16,28,15,14,17,18,12,LEAF_SMUT
53,17,14,30,13,17,16,16,14,19,15,19,14,16,16,15,15,15,15,15,14,13,17,14,29,14,15,30,17,17,17,15,14,LEAF_SMUT
48,16,22,29,14,16,15,15,16,15,21,17,16,16,15,15,16,15,15,15,8,13,16,20,27,14,16,27,16,16,18,15,16,LEAF_SMUT
15,13,22,2,14,15,15,16,15,14,8,15,16,15,16,16,15,15,16,17,10,13,17,11,25,17,16,21,16,15,22,16,15,LEAF_SMUT
20,15,17,2,11,15,16,16,16,15,6,16,15,15,15,15,15,15,16,15,14,11,16,15,25,18,16,20,14,15,21,17,16,LEAF_SMUT
18,17,16,17,23,17,15,14,7,7,22,20,15,17,16,15,15,15,17,15,9,15,14,10,18,15,16,29,17,17,16,15,16,LEAF_SMUT
54,15,14,27,15,18,16,16,16,19,7,17,13,16,17,16,16,15,14,17,15,19,15,13,24,15,16,35,16,16,16,16,16,LEAF_SMUT
51,15,7,26,20,16,15,16,21,25,16,12,15,16,15,15,16,15,14,9,14,17,15,12,23,18,16,36,16,15,16,16,16,LEAF_SMUT
49,16,17,28,24,16,15,16,14,14,14,7,12,16,15,16,16,15,16,17,16,15,16,17,24,20,16,37,16,16,16,16,16,LEAF_SMUT
53,13,11,28,18,18,14,17,20,22,10,13,13,15,17,15,17,16,14,11,15,18,16,12,24,18,17,36,15,16,16,15,16,LEAF_SMUT
54,16,20,27,18,16,16,16,13,8,11,11,14,16,16,16,16,15,15,19,18,18,17,19,25,17,16,36,15,15,15,15,16,LEAF_SMUT
54,16,16,28,18,16,16,16,15,14,8,11,15,16,16,16,16,15,15,17,16,19,17,16,25,17,16,36,15,15,14,15,16,LEAF_SMUT
57,16,16,26,16,16,15,15,15,14,7,16,15,16,15,15,16,16,16,16,18,22,16,16,24,15,16,34,16,15,15,16,16,LEAF_SMUT
56,16,19,26,16,16,16,15,15,9,10,15,16,16,15,16,16,16,16,16,19,21,16,18,24,16,16,34,16,15,15,16,16,LEAF_SMUT
51,15,10,28,16,16,15,15,17,23,11,16,15,15,16,15,16,16,16,14,15,15,17,12,25,16,15,35,16,16,16,15,16,LEAF_SMUT
54,17,14,27,16,16,16,15,13,19,7,15,14,15,16,16,15,16,16,15,14,18,17,14,24,16,15,37,17,16,16,16,16,LEAF_SMUT
55,18,19,27,15,18,17,15,13,8,10,16,13,15,17,16,15,14,17,16,19,21,16,18,23,15,16,36,16,15,15,16,16,LEAF_SMUT
53,16,17,28,16,16,16,16,15,13,7,15,15,15,16,16,16,16,15,17,16,19,15,17,24,16,15,36,15,15,15,16,16,LEAF_SMUT
52,18,19,28,18,18,17,14,13,12,14,12,14,15,17,17,15,14,17,16,14,14,17,19,26,18,17,36,16,15,15,15,16,LEAF_SMUT
54,20,20,27,16,18,18,14,12,9,12,15,13,15,17,16,15,14,18,17,17,17,18,19,25,16,16,36,15,15,15,15,16,LEAF_SMUT
53,15,12,28,18,17,16,16,16,21,9,12,15,15,16,15,16,16,15,14,14,17,15,14,25,17,16,36,16,16,15,15,16,LEAF_SMUT
55,17,14,25,17,15,14,16,13,19,10,12,15,16,16,16,16,16,15,15,13,22,18,14,22,17,16,38,16,16,15,15,16,LEAF_SMUT
52,14,15,28,13,16,16,14,17,16,11,20,15,16,16,16,16,15,18,15,16,17,16,14,25,14,16,37,15,16,15,15,15,LEAF_SMUT
54,16,20,26,19,16,15,15,13,7,14,11,15,16,16,15,15,17,17,19,19,20,15,18,23,17,16,36,15,16,15,16,16,LEAF_SMUT
55,15,15,26,15,16,16,15,16,16,7,16,15,16,16,16,16,15,16,16,15,20,16,15,24,16,16,37,15,16,15,16,16,LEAF_SMUT
52,15,12,28,19,17,16,15,18,21,10,10,14,15,16,16,16,16,16,12,14,18,16,13,24,17,16,35,15,16,17,16,16,LEAF_SMUT
54,16,14,27,17,16,16,15,16,18,7,11,14,15,16,16,16,15,16,13,14,21,17,15,22,16,16,36,16,16,17,16,16,LEAF_SMUT
53,15,12,28,19,17,17,17,17,22,10,9,14,16,16,16,16,14,13,12,12,20,16,14,24,17,16,36,16,15,16,16,16,LEAF_SMUT
49,15,16,29,22,17,17,17,13,15,12,7,12,16,16,16,16,13,15,18,14,17,16,17,24,19,17,36,16,15,17,16,16,LEAF_SMUT
41,15,11,12,15,15,16,15,16,13,14,16,15,15,15,15,16,16,15,16,14,5,15,19,17,17,16,37,17,15,18,14,16,LEAF_SMUT
47,16,6,20,12,15,15,13,18,16,11,13,17,16,16,15,16,15,15,17,21,7,18,7,21,14,18,38,15,17,14,15,16,LEAF_SMUT
42,10,11,19,20,13,15,18,15,18,10,13,13,15,14,16,16,15,17,19,20,8,14,9,16,18,16,33,17,15,16,15,17,LEAF_SMUT
32,18,7,29,12,19,16,16,14,11,25,15,16,16,17,16,16,15,17,12,20,15,16,13,23,15,17,33,15,15,15,16,15,LEAF_SMUT
53,14,13,29,13,17,16,14,16,17,14,17,14,16,16,16,16,16,16,16,18,13,15,14,28,14,14,30,15,14,17,15,14,LEAF_SMUT
40,19,12,29,17,15,15,15,17,14,25,16,15,15,15,15,15,16,15,15,21,10,15,10,27,16,16,25,16,14,20,16,16,LEAF_SMUT
38,11,7,29,17,15,15,16,13,17,26,14,16,15,15,15,15,16,16,19,24,10,14,11,27,17,16,27,14,16,18,15,14,LEAF_SMUT
37,6,7,30,15,17,14,17,13,18,21,11,13,16,16,15,16,16,16,23,20,14,13,11,25,16,16,26,14,15,18,16,15,LEAF_SMUT
38,14,10,28,14,16,15,16,15,19,18,16,15,16,15,16,15,16,15,17,19,14,15,14,27,15,15,25,15,15,18,15,16,LEAF_SMUT
59,15,15,25,16,16,15,15,16,16,8,15,15,16,15,16,16,16,16,15,13,24,14,15,24,15,15,31,15,16,16,16,15,LEAF_SMUT
23,15,16,17,16,15,15,15,16,17,15,14,15,16,16,15,16,16,15,15,16,7,15,14,15,14,15,29,12,15,15,14,15,LEAF_SMUT
31,7,5,18,23,17,17,19,17,20,11,10,13,16,15,16,15,17,18,19,18,9,11,9,18,20,15,28,16,17,18,18,12,LEAF_SMUT
53,14,13,29,13,17,16,15,16,17,14,18,14,16,16,16,16,16,16,16,18,13,15,14,28,14,15,30,15,14,17,15,14,LEAF_SMUT
48,15,6,29,14,16,16,15,15,20,18,15,15,16,15,16,15,16,16,15,24,13,15,8,26,15,16,27,15,14,18,15,16,LEAF_SMUT
15,18,15,2,14,15,16,16,16,17,8,16,16,15,16,15,16,16,15,14,14,13,14,17,25,16,16,21,15,15,21,16,15,LEAF_SMUT
20,16,20,2,11,15,16,15,15,16,7,15,16,15,15,16,15,16,16,13,11,11,15,13,25,18,16,20,17,15,21,18,16,LEAF_SMUT
17,13,13,17,22,17,15,18,24,23,22,20,15,17,16,15,16,16,15,16,21,15,17,21,19,15,16,29,14,14,15,15,16,LEAF_SMUT
